ID,Date and Time,Title,Description,Tag,Priority,Static,Reminder Time
1,2023-11-01T20:42,task1,desc1,tag1,Low,False,
2,2023-11-01 20:42,task2,desc2,tag2,Medium,False,
3,2023-11-06 20:43,task3,desc3,tag3,High,True,
4,2023-11-07 23:22,Test,test,TestTag,Low,False,2023-11-16 23:22
5,2023-11-02 01:59,Test,Test,,Low,False,2023-11-02 03:00
6,2023-11-02 02:01,Test Title,Test Description,,Low,True,2023-11-02 02:01
7,2023-11-02 02:01,Test Title,Test Description,,Low,True,2023-11-02 02:29
8,2023-11-05 22:45,Labtainers,Complete labtainers for digital forensics,tag1,High,False,2023-11-05 21:30
11,2023-11-03 08:00,work,work at fs1,2,Medium,True,2023-11-03 07:30
